,Player,Span,Mat,Inns,NO,Runs,HS,Ave,BF,SR,100,50,0,4s,6s
0,BB McCullum (NZ),2004-2016,101,176,9,6453,302,38.64,9989,64.60,12,31,14,776,107
1,BA Stokes (ENG),2013-2022,86,156,6,5429,258,36.19,9318,58.26,12,28,13,651,103
2,AC Gilchrist (AUS),1999-2008,96,137,20,5570,204*,47.60,6796,81.95,17,26,14,677,100
3,CH Gayle (WI),2000-2014,103,182,11,7214,333,42.18,11970,60.26,15,37,15,1046,98
4,JH Kallis (ICC/SA),1995-2013,166,280,40,13289,224,55.37,28903,45.97,45,58,16,1488,97
5,V Sehwag (ICC/INDIA),2001-2013,104,180,6,8586,319,49.34,10441,82.23,23,32,16,1233,91
6,BC Lara (ICC/WI),1990-2006,131,232,6,11953,400*,52.88,19753,60.51,34,48,17,1559,88
7,CL Cairns (NZ),1989-2004,62,104,5,3320,158,33.53,5815,57.09,5,22,7,365,87
8,IVA Richards (WI),1974-1991,121,182,12,8540,291,50.23,9613+,69.77*,24,45,10,952+,84
9,A Flintoff (ENG/ICC),1998-2009,79,130,9,3845,167,31.77,6197,62.04,5,26,17,513,82
10,ML Hayden (AUS),1994-2009,103,184,14,8625,380,50.73,14349,60.10,30,29,14,1049,82
11,Misbah-ul-Haq (PAK),2001-2017,75,132,20,5222,161*,46.62,11726,44.53,10,39,9,511,81
12,KP Pietersen (ENG),2005-2014,104,181,8,8181,227,47.28,13255,61.72,23,35,10,985,81
13,MS Dhoni (INDIA),2005-2014,90,144,16,4876,224,38.09,8249,59.11,6,33,10,544,78
14,TG Southee (NZ),2008-2022,88,126,11,1855,77*,16.13,2240,82.81,0,5,15,187,76
15,AD Mathews (SL),2009-2022,100,178,24,6953,200*,45.14,14416,48.23,13,38,4,716,75
16,RT Ponting (AUS),1995-2012,168,287,29,13378,257,51.85,22782,58.72,41,62,17,1509,73
17,CH Lloyd (WI),1966-1985,110,175,14,7515,242*,46.67,6942+,56.68*,19,39,4,712+,70
18,Younis Khan (PAK),2000-2017,118,213,19,10099,313,52.05,19375,52.12,34,33,19,1082,70
19,SR Tendulkar (INDIA),1989-2013,200,329,33,15921,248*,53.78,29437+,54.04*,51,68,14,2058+,69
20,IT Botham (ENG),1977-1992,102,161,6,5200,208,33.54,8565,60.71,14,22,14,621,67
21,CG Greenidge (WI),1974-1991,108,185,16,7558,226,44.72,11932+,49.49*,19,34,11,872+,67
22,RG Sharma (INDIA),2013-2022,45,77,9,3137,212,46.13,5625,55.76,8,14,4,335,64
23,AB de Villiers (SA),2004-2018,114,191,18,8765,278*,50.66,16077,54.51,22,46,8,1024,64
24,CL Hooper (WI),1987-2002,102,173,15,5762,233,36.46,11462,50.27,13,27,13,633,63
25,DA Warner (AUS),2011-2022,96,176,8,7817,335*,46.52,10964,71.29,24,34,11,926,62
26,N Kapil Dev (INDIA),1978-1994,131,184,15,5248,163,31.05,5192+,79.33*,8,27,16,557+,61
27,DPMD Jayawardene (SL),1997-2014,149,252,15,11814,374,49.84,22959,51.45,34,50,15,1387,61
28,ST Jayasuriya (SL),1991-2007,110,188,14,6973,340,40.07,10698,65.18,14,31,15,910,59
29,Wasim Akram (PAK),1985-2002,104,147,19,2898,257*,22.64,5389+,52.82*,3,7,17,324+,57
30,SC Ganguly (INDIA),1996-2008,113,188,17,7212,239,42.17,14070,51.25,16,35,13,900,57
31,RA Jadeja (INDIA),2012-2022,60,89,20,2523,175*,36.56,4240,59.50,3,17,5,253,55
32,Imran Khan (PAK),1971-1992,88,126,25,3807,136,37.69,6588+,47.52*,6,18,8,316+,55
33,LRPL Taylor (NZ),2007-2022,112,196,24,7683,290,44.66,12957,59.29,19,35,14,932,55
34,CD McMillan (NZ),1997-2005,55,91,10,3116,142,38.46,5670,54.95,6,19,7,367,54
35,BJ Haddin (AUS),2008-2015,66,112,13,3266,169,32.98,5587,58.45,4,18,8,363,54
36,SCJ Broad (ENG),2007-2022,159,232,39,3550,169,18.39,5417,65.53,1,13,39,427,54
37,Shahid Afridi (PAK),1998-2010,27,48,1,1716,156,36.51,1973,86.97,5,8,6,220,52
38,Mohammad Yousuf (PAK),1998-2010,90,156,12,7530,223,52.29,14372,52.39,24,33,11,957,51
39,KC Sangakkara (SL),2000-2015,134,233,17,12400,319,57.40,22882,54.19,38,52,11,1491,51
40,RR Pant (INDIA),2018-2022,31,53,4,2123,159*,43.32,2922,72.65,5,10,2,232,48
41,PA de Silva (SL),1984-2002,93,159,11,6361,267,42.97,11249+,51.04*,20,22,7,737+,48
42,Javed Miandad (PAK),1976-1993,124,189,21,8832,280*,52.57,15164+,45.99*,23,43,6,788+,48
43,Inzamam-ul-Haq (ICC/PAK),1992-2007,120,200,22,8830,329,49.60,16345,54.02,25,46,15,1105,48
44,HH Gibbs (SA),1996-2008,90,154,7,6167,228,41.95,12270,50.26,14,26,11,887,47
45,JM Bairstow (ENG),2012-2022,89,159,11,5482,167*,37.04,9520,57.58,12,23,16,648,46
46,SPD Smith (AUS),2010-2022,87,154,18,8161,239,60.00,15091,54.07,28,36,7,900,45
47,MA Starc (AUS),2011-2022,71,104,22,1816,99,22.14,2814,64.53,0,10,12,177,44
48,JO Holder (WI),2014-2022,56,100,16,2571,202*,30.60,4546,56.55,3,11,7,308,43
49,ME Trescothick (ENG),2000-2006,76,143,10,5825,219,43.79,10685,54.51,14,29,12,831,42
50,Harbhajan Singh (INDIA),1998-2015,103,145,23,2224,115,18.22,3432,64.80,2,9,19,277,42
51,C de Grandhomme (NZ),2016-2022,29,44,7,1432,120*,38.70,1780,80.44,2,8,6,141,41
52,DM Bravo (WI),2010-2020,56,102,5,3538,218,36.47,7886,44.86,8,17,5,404,41
53,ME Waugh (AUS),1991-2002,128,209,17,8029,153*,41.81,15360,52.27,20,47,19,844,41
54,Tamim Iqbal (BAN),2008-2022,69,132,2,5082,206,39.09,8751,58.07,10,31,11,650,40
55,A Ranatunga (SL),1982-2000,93,155,12,5105,135*,35.69,8672+,49.96*,4,38,12,534+,40
56,JL Langer (AUS),1993-2007,105,182,12,7696,250,45.27,14192,54.22,23,30,11,912,40
57,LD Chandimal (SL),2011-2022,70,127,13,4936,206*,43.29,10005,49.33,13,24,5,508,39
58,NJ Astle (NZ),1996-2006,81,137,10,4702,222,37.02,9479,49.60,11,24,11,612,39
59,MEK Hussey (AUS),2005-2013,79,137,16,6235,195,51.52,12436,50.13,19,29,12,685,39
60,MJ Clarke (AUS),2004-2015,115,198,22,8643,329*,49.10,15456,55.92,28,27,9,978,39
61,IR Bell (ENG),2004-2015,118,205,24,7727,235,42.69,15622,49.46,22,46,14,919,39
62,NS Sidhu (INDIA),1983-1999,51,78,2,3202,201,42.13,7135+,44.33*,9,15,9,358+,38
63,SK Warne (AUS),1992-2007,145,199,17,3154,99,17.32,5470,57.65,0,12,34,353,37
64,MA Holding (WI),1975-1987,60,76,10,910,73,13.78,1185+,58.98*,0,6,15,78+,36
65,DW Steyn (SA),2004-2019,93,119,27,1251,76,13.59,2825,44.28,0,2,14,124,36
66,S Chanderpaul (WI),1994-2015,164,280,49,11867,203*,51.37,27395,43.31,30,66,15,1285,36
67,SM Pollock (SA),1995-2008,108,156,39,3781,111,32.31,7198,52.52,2,16,9,412,35
68,Mohammad Rafique (BAN),2000-2008,33,63,6,1059,111,18.57,1630,64.96,1,4,8,110,34
69,DJG Sammy (WI),2007-2013,38,63,2,1323,106,21.68,1949,67.88,1,5,8,157,34
70,AM Rahane (INDIA),2013-2022,82,140,12,4931,188,38.52,9972,49.44,12,25,10,560,34
71,J Blackwood (WI),2014-2022,48,87,5,2566,112*,31.29,4719,54.37,3,16,6,305,33
72,Q de Kock (SA),2014-2021,54,91,6,3300,141*,38.82,4652,70.93,6,22,7,411,33
73,JC Buttler (ENG),2014-2022,57,100,9,2907,152,31.94,5365,54.18,2,18,9,340,33
74,M Vijay (INDIA),2008-2018,61,105,1,3982,167,38.28,8601,46.29,12,15,8,467,33
75,JR Reid (NZ),1949-1965,58,108,5,3428,142,33.28,128+,34.37*,6,22,5,267+,33
76,WJ Cronje (SA),1992-2000,68,111,9,3714,135,36.41,8320,44.63,6,23,11,409,33
77,Sir RJ Hadlee (NZ),1973-1990,86,134,19,3124,151*,27.16,4611+,57.34*,2,15,12,323+,33
78,MN Samuels (WI),2000-2016,71,127,7,3917,260,32.64,8219,47.65,7,24,14,537,32
79,GS Sobers (WI),1954-1974,93,160,21,8032,365*,57.78,4063+,53.58*,26,30,12,593+,32+
80,MG Johnson (AUS),2007-2015,73,109,16,2065,123*,22.20,3536,58.39,1,11,19,247,31
81,SR Watson (AUS),2005-2015,59,109,3,3731,176,35.19,7094,52.59,4,24,6,483,31
82,Mushfiqur Rahim (BAN),2005-2022,82,151,13,5235,219*,37.93,11109,47.12,9,25,12,625,31
83,TA Boult (NZ),2011-2022,78,94,46,759,52*,15.81,1265,60.00,0,1,13,82,30
84,MM Ali (ENG),2014-2021,64,111,8,2914,155*,28.29,5697,51.14,5,14,15,355,30
85,MJ Slater (AUS),1993-2001,74,131,7,5312,219,42.83,9967,53.29,14,21,9,598,30
